{"training_losses": [1.0510756553461154, 0.01495150833701094, 0.0032588561557026375, 0.0027568990416410896, 0.002064396937688192, 0.0011327049061138597, 0.0010090327058504853, 0.000885387177630845, 0.0007900739179199769, 0.000749337105339186, 0.0007473753131408659, 0.0006336066483830413, 0.0007032214198261499, 0.0007616694201715291, 0.0006075946730561554, 0.0006010830758087751, 0.0005523187056597737, 0.0005746785900555551, 0.0006082717186978294, 0.0005938723237098505, 0.000577170763992601, 0.0005867790476056851, 0.0005394383883362429, 0.0005325509151185139, 0.0004993125621695071, 0.0005440958840255109, 0.0005382906108732439, 0.0005838794491460754, 0.000511587351664073, 0.00045783037138688896], "validation_losses": [], "learning_rates": [0.001, 0.001, 0.001, 0.001, 0.001, 0.0005, 0.0005, 0.0005, 0.0005, 0.0005, 0.00025, 0.00025, 0.00025, 0.00025, 0.00025, 0.000125, 0.000125, 0.000125, 0.000125, 0.000125, 6.25e-05, 6.25e-05, 6.25e-05, 6.25e-05, 6.25e-05, 3.125e-05, 3.125e-05, 3.125e-05, 3.125e-05, 3.125e-05]}