{"training_losses": [0.48224583733826876, 0.006636172351944778, 0.008134392840373848, 0.005317854889047642, 0.0023404862861045534, 0.001590585129128562, 0.00106472433415345, 0.0008888385103394588, 0.0007671915809623897, 0.0006847405327587492, 0.0005314714928519808, 0.0005307085909104595, 0.00048579825670458376, 0.0005045655416324735, 0.00047734602897738415, 0.0005022468912001285, 0.00046223092229209014, 0.0004650558403227478, 0.0004753463629943629, 0.0004821741604246199, 0.00042317716967469704, 0.00044548636651597917, 0.0004427406852806194], "validation_losses": [], "learning_rates": [0.001, 0.001, 0.001, 0.001, 0.001, 0.0005, 0.0005, 0.0005, 0.0005, 0.0005, 0.00025, 0.00025, 0.00025, 0.00025, 0.00025, 0.000125, 0.000125, 0.000125, 0.000125, 0.000125, 6.25e-05, 6.25e-05, 6.25e-05]}