{"training_losses": [0.5555790615164571, 0.046969507096542254, 0.01181155983876023, 0.005904076931377252, 0.0034133613031978407, 0.0019299507322203782, 0.0011647896349637045, 0.0010484368928397696, 0.0011180273399481343, 0.0008912009976079895, 0.0006813758324521283, 0.0007209559488627645, 0.0006276390469995224, 0.0006709928663137058, 0.0005262271313565887, 0.000534104710418938, 0.0005188514025778406, 0.0004975951419004963, 0.0005097483226563781, 0.00048715368353037373, 0.00047938480727478035, 0.00046555004600021575, 0.000451543271386375, 0.00045993779915281467, 0.0004609619888166587, 0.0004412596721926497, 0.00046929756515762873, 0.0004804377418218388, 0.00048584932745951746, 0.0004809116588957194], "validation_losses": [], "learning_rates": [0.001, 0.001, 0.001, 0.001, 0.001, 0.0005, 0.0005, 0.0005, 0.0005, 0.0005, 0.00025, 0.00025, 0.00025, 0.00025, 0.00025, 0.000125, 0.000125, 0.000125, 0.000125, 0.000125, 6.25e-05, 6.25e-05, 6.25e-05, 6.25e-05, 6.25e-05, 3.125e-05, 3.125e-05, 3.125e-05, 3.125e-05, 3.125e-05]}